Team,Home Difficulty,Away Difficulty
Arsenal,-0.48028386916954485,-0.1090338387688012
