Team,Home Difficulty,Away Difficulty
Fulham,0.8573326065083514,-0.12912009495973634
