Team,Home Difficulty,Away Difficulty
Aston Villa,0.2904132385738492,0.6377031981106073
