Team,Home Difficulty,Away Difficulty
Bournemouth,0.18550703103495644,1.2170712946019855
