Team,Home Difficulty,Away Difficulty
Crystal Palace,0.3836837296995804,0.8798050474931227
