Team,Home Difficulty,Away Difficulty
Tottenham,-0.35675594643730885,0.6890269223226406
