Team,Home Difficulty,Away Difficulty
West Ham,-0.2195616090409224,0.493257173158488
