Team,Home Difficulty,Away Difficulty
Arsenal,-0.0003924428277311688,0.3587481116853549
