Team,Home Difficulty,Away Difficulty
Sheffield,-0.6129167370956529,0.6839795465548367
