Team,Home Difficulty,Away Difficulty
West Ham,0.13665387802754814,0.6267325445613738
