Team,Home Difficulty,Away Difficulty
Everton,-0.2440846984371006,0.5349178069847869
