Team,Home Difficulty,Away Difficulty
Leeds United,-0.49215301028696096,-0.2616724402238127
