Team,Home Difficulty,Away Difficulty
Liverpool,-1.0068385125290626,0.1805501375100167
