Team,Home Difficulty,Away Difficulty
Brentford,-0.5469697820382659,0.6925852265757554
