Team,Home Difficulty,Away Difficulty
Liverpool,-1.3280280767954722,-0.5341598351724591
