Team,Home Difficulty,Away Difficulty
Burnley,0.0021916061591969764,0.38662362049043325
