Team,Home Difficulty,Away Difficulty
Chelsea,-0.8517830013478085,-0.2515170020322757
