Team,Home Difficulty,Away Difficulty
Norwich,0.5510343163800187,0.971033768967534
