Team,Home Difficulty,Away Difficulty
Watford,0.12764984785100708,0.10581600518969808
