Team,Home Difficulty,Away Difficulty
Wolverhampton,-0.5227111997909482,0.04916815618511426
