Team,Home Difficulty,Away Difficulty
Brighton,-0.5964697753529348,-0.6632833160179437
