Team,Home Difficulty,Away Difficulty
Bournemouth,0.19348889363516203,1.4596064285015655
