Team,Home Difficulty,Away Difficulty
Leeds United,-0.7968053430304645,-0.7934514642887269
