Team,Home Difficulty,Away Difficulty
Aston Villa,0.5942343817391702,0.5546703416413429
