Team,Home Difficulty,Away Difficulty
Brighton,-0.3945204047473522,-0.7065123130606961
