Team,Home Difficulty,Away Difficulty
Crystal Palace,0.1312138381866249,0.8141195848082421
