Team,Home Difficulty,Away Difficulty
Fulham,1.3739582965665278,-0.29976173225608305
