Team,Home Difficulty,Away Difficulty
Southampton,-1.0652307194175268,-0.38365741368401274
