Team,Home Difficulty,Away Difficulty
Tottenham,-0.029838920437549862,1.0684484054455465
