Team,Home Difficulty,Away Difficulty
Aston Villa,0.11042221985005429,0.6561704326465599
