Team,Home Difficulty,Away Difficulty
Bournemouth,-0.037184390720154094,0.8375182475755205
