Team,Home Difficulty,Away Difficulty
Brentford,-0.15196783745951778,0.5362294779256019
