Team,Home Difficulty,Away Difficulty
Brighton,-0.6140311476465834,-0.42023030878851125
