Team,Home Difficulty,Away Difficulty
Burnley,0.2171490063083916,0.3144065629343567
