Team,Home Difficulty,Away Difficulty
Southampton,-0.30747039998495873,0.23808312089749495
