Team,Home Difficulty,Away Difficulty
Tottenham,-0.30442843561242083,0.7385608256979113
