Team,Home Difficulty,Away Difficulty
West Ham,-0.3416939892019857,0.48440985806801945
