Team,Home Difficulty,Away Difficulty
Everton,-0.38924908220207344,0.611160645093687
