Team,Home Difficulty,Away Difficulty
Sheffield,-0.11815042454303992,0.6884571327561592
