Team,Home Difficulty,Away Difficulty
Brentford,-0.5346664940769905,0.7874970162065926
