Team,Home Difficulty,Away Difficulty
Chelsea,-0.7222027755932751,-0.24826636901856025
