Team,Home Difficulty,Away Difficulty
Everton,-0.6299958177949327,0.344489633957642
