Team,Home Difficulty,Away Difficulty
Arsenal,-0.5647959267847704,-0.3174468743818093
