Team,Home Difficulty,Away Difficulty
Fulham,0.5314087614625399,0.27145696305970124
