Team,Home Difficulty,Away Difficulty
Liverpool,-1.077614746364227,0.23629950753390036
