Team,Home Difficulty,Away Difficulty
Luton,0.22511219488926096,1.6357771217725154
