Team,Home Difficulty,Away Difficulty
Leicester City,-0.05493454875312792,0.8270411236812379
