Team,Home Difficulty,Away Difficulty
Chelsea,-0.8983886696553629,0.0027316985987829337
